<?xml version="1.0" encoding="UTF-8"?>
<project-private xmlns="http://www.netbeans.org/ns/project-private/1">
    <editor-bookmarks xmlns="http://www.netbeans.org/ns/editor-bookmarks/2" lastBookmarkId="0"/>
    <open-files xmlns="http://www.netbeans.org/ns/projectui-open-files/2">
        <group>
            <file>file:/C:/Users/DELL/Documents/NetBeansProjects/University%20Management%20System/web/index.html</file>
            <file>file:/C:/Users/DELL/Documents/NetBeansProjects/University%20Management%20System/src/java/NewServlet2.java</file>
            <file>file:/C:/Users/DELL/Documents/NetBeansProjects/University%20Management%20System/web/create%20an%20account.html</file>
            <file>file:/C:/Users/DELL/Documents/NetBeansProjects/University%20Management%20System/web/login.html</file>
            <file>file:/C:/Users/DELL/Documents/NetBeansProjects/University%20Management%20System/web/contactus.html</file>
            <file>file:/C:/Users/DELL/Documents/NetBeansProjects/University%20Management%20System/web/forgot-password.html</file>
        </group>
    </open-files>
</project-private>
